<?xml version="1.0" encoding="UTF-8"?>
<!DOCTYPE suite SYSTEM "http://testng.org/testng-1.0.dtd">
<suite name="InternetEssentials">
	<test name="DocUpload">
		<classes>
			<class name="com.comcast.internetessentials.test.Customer">
				<methods>
					<!-- <include name="NSLP_WithSSN_DocumentsUpload"/>
					<include name="HUD_WithoutSSN_DocumentsUploadLater"/> -->
					<!-- <include name="NSLP_CC_Save_Retrieve"/> -->
					<!-- <include name="US1019302_Agent_New_Online_Alternate_Doc_Description_CC_A"/> -->
					
					<!-- <include name = "US1019302_Agent_New_Online_Alternate_Doc_Description_CC_A"></include> -->
					<include name="US1019302_Agent_New_Online_Alternate_Doc_Description_NSLP2_A"/>
				</methods>				
			</class>
		</classes>
	</test>	
</suite> 
